Ahmed,"4187 Shayna Viaduct
Margiebury, NJ 40578",(942) 867-1687 x69915
Mohamed,"46980 Volkman Islands
Lake Isabel, IL 04835",663-909-0329 x191
Ali,"26814 Streich Pine Apt. 829
Wendybury, CT 09605",(320) 499-4967
Abdelrahman,"18276 Kilback Flat
Revamouth, NV 22297-6491",237.894.5559
Osama,"9189 Leannon Ridge
Port Susana, WY 57686",-10632
Abdelfatah,"14377 Marta Village
Macejkovicview, CA 23178-7983",1-442-392-6968 x094
Yassin,"385 Hoeger Parkways
Weissnatshire, MA 99232",+1.705.604.8772
Ibrahim,"36917 Wilber Roads
Marcellabury, KS 47933-1493",678.765.5862 x474
Issaac,"15617 Gutkowski Corners
Tomfort, CO 47651",1-458-988-4991 x190
Ismail,"57511 Norberto Harbor
Volkmanland, NY 71949",(517) 619-2492
Arsany,"420 Adonis Manor Apt. 435
South Domenica, SC 67568",(352) 884-5867 x924
Atef,"1971 Alberto Park
Mullerstad, MD 67566",-6478
Abdo,"395 Justen Gateway Apt. 150
Grantland, AL 72511",383.418.7457 x291
Tadrous,"722 Ziemann Rest
Lake Alexie, WV 90783-1672",713-601-2385
Micheal,"23091 Richard Glens
New Effiefurt, WA 66878-2999",-2397
Said,"93000 Hailey Vista
North Alana, UT 66795-7948",(647) 686-1271 x7076
Beshara,"4116 Candace Forks
South Jonatan, OH 96653",+1 (428) 578-5645
Kirolos,"905 Dare Mount
New Christiana, MT 74561",875-958-4313 x9850
Malak,"904 Hilbert Station Suite 145
West Treymouth, NC 40147",829.913.6642
Habib,"616 Alba Garden
Lake Adityastad, MI 94872",(486) 391-7963
Andrew,"1755 Leffler Junctions
South Laurineborough, DC 19916",(343) 385-8778 x30893
Jacob,"6806 Dach Neck
Lake Eileen, NH 15728-1551",459.916.3970
John,"874 Satterfield Walk Suite 863
West Donatoburgh, GA 95074",-1232
Victor,"41959 Clifton Mews Apt. 138
Gutkowskichester, OH 19901",270-771-3469
Bishoy,"483 Rosenbaum Points Suite 029
Port Quintonview, TX 02108-9555",575.690.6834 x76117
Abraam,"96217 Batz Courts Apt. 290
New Jakeburgh, WV 57914",(862) 484-4881
Hoda,"6399 Carroll Land
New Eleazar, OK 61293-7377",(357) 543-3464 x861
Bakr,"8224 Cormier Ville
Wisozkbury, NJ 88772-0865",281.302.3280
Maged,"342 Hardy Fall
Nyaville, NE 94786-1426",647-250-2506
Rober,"890 Candido Corner Apt. 750
Eltonland, WV 56473-0388",626-948-4070 x3402
Fady,"62852 Oren Street
Morrisberg, CA 66548-4996",-9763
George,"71751 Bogan Point
Casperborough, CT 12104-1707",318.743.0424 x95852
Aya,"69957 Torp Roads Apt. 843
Lake Kallie, DC 13956-7152",(210) 773-4458
Israa,"3092 Tromp Corners
New Lukasview, PA 79294",1-536-504-1422
Sara,"399 Kshlerin Tunnel Suite 812
New Jerryhaven, ND 59638-1628",+1.924.845.4448
Mariam,"66407 Cole Well Suite 306
Lake Daniellehaven, LA 84300",-9845
Reham,"50496 Effertz Mountains
Crooksmouth, VA 87927",(207) 640-9276
Mai,"537 Ansley Estate
Port Marquis, FL 54575-4722",845-593-0847 x397
Khaled,"328 Augustine Courts Apt. 963
East Landenborough, WA 23040-6950",912.419.7956 x401
Khelod,"959 Funk Rapids Suite 516
Corwinville, KS 73879",946.430.7384 x6042
